{
    "HomePov":
    {
        "pos":{"x": 88.79918559903517, "y": 1.2975492428595583, "z": -122.09446638204706},
        "target":{"x": 84.85201269271766, "y": 1.2435429892497327, "z": -123.8569461271152}
    },
        "ceiling":
            {
                "id":"ceiling",
                "path": "models/ceiling/ceiling.gltf"
            },
            "room":
            {
                "id":"room",
                "path": "models/room/room.gltf"
            },
            "objects":
            [
                {
                    "id":"quadro",
                    "hoverLable":"Ritratto di Ulisse Aldrovandi",
                    "type":"object",
                    "path":"models/objects/S1-21-CNR-FICLIT_RitrattoAldrovandi/aldrovandi_quadro.gltf",
                    "pos": {"x": 88.41141016208884, "y": 1.8139704779796508, "z": -123.87846523799762},
                    "rot": {"x":3.0777162201141643,"y":-0.5132898698801239,"z":2.9964935919105717},
                    "povIn":{"pos":{"x": 86.94588654389618, "y": 1.9288536292432163, "z": -124.1849783264242},"target":{"x": 88.35907721181565, "y": 1.8107079328285047, "z": -124.31141333997736}},
                    "povOut":{"pos":{"x": 86.94588654389618, "y": 1.9288536292432163, "z": -124.1849783264242},"target":{"x": 88.35907721181565, "y": 1.8107079328285047, "z": -124.31141333997736}},
                    "content":"",
                    "sem":
                    {
                        "path":"models/quadro_sem.glb"
                    }
                }
            ]
}