{
    "HomePov":
    {
        "pos":{"x": 85.01997023304355, "y": 2.221768923959768, "z": -126.03631634240045},
        "target":{"x": 87.63661199048495, "y": 1.6290809509832438, "z": -123.58930898586895}
    },
        "ceiling":
            {
                "id":"ceiling",
                "path": "models/ceiling/ceiling.gltf"
            },
            "room":
            {
                "id":"room",
                "path": "models/room/Room_noRoof.gltf"
            },
            "objects":
            [
                {
                    "id":"quadro",
                    "hoverLable":"Ritratto di Ulisse Aldrovandi",
                    "type":"object",
                    "path":"models/objects/S1-21-CNR-FICLIT_RitrattoAldrovandi/aldrovandi_quadro.gltf",
                    "pos": {"x": 88.452, "y": 2.1222, "z": -123.91},
                    "rot": {"x":3.079266305321932,"y":-0.4673392847465903,"z":2.9997844471735307},
                    "povIn":{"pos":{"x": 86.85215438123303, "y": 2.1034579211712616, "z":  -124.18600495385816},"target":{"x": 88.42287193238981, "y": 2.107388446729607, "z": -124.25418960211124}},
                    "povOut":{"pos":{"x": 85.5234, "y": 2.14125, "z": -125.37},"target":{"x": 88.594, "y": 1.64884, "z":-123.9892}},
                    "content":"",
                    "sem":
                    {
                        "path":"models/quadro_sem.glb",
                        "pos": {"x": 88.4336 , "y": 2.12557, "z": -123.918}
                    }
                },
                {
                    "id":"cospi",
                    "hoverLable":"Codice Cospi",
                    "type":"object",
                    "path":"models/objects/S1-20-FICLIT_CodiceCospi/codicecospi.gltf",
                    "pos": {"x":86.40165914267925, "y": 0.5131775323939884, "z": -121.28875059580237},
                    "rot": {"x":3.0896359635968604, "y": -0.014171264012503309, "z": -3.1348246141349323},
                    "povIn":{"pos":{ "x":86.33088251387895, "y": 0.7108681801143562, "z": -121.49628067159598},"target":{"x": 86.41912597475083, "y": 0.4587009977265707, "z": -121.2440387647479}},
                    "povOut":{"pos":{"x": 84.96227904361834, "y": 2.268060712519347, "z": -123.39818039442616},"target":{"x": 86.6, "y": 0.98, "z": -120.95}},
                    "content":"",
                    "sem":
                    {
                        "path":"models/cospi.glb",
                        "pos":{"x":86.7336,"y":0.7344,"z":-121.279}
                    }
                },
                {
                    "id":"video",
                    "hoverLable":"Video",
                    "type":"video",
                    "povIn":{"pos":{"x": 87.0573195406386, "y": 1.7026949324428076, "z": -125.16797131587848}, "target":{"x":87.17475984711523, "y": 1.7020270581531793, "z": -126.16105103491346}},
                    "povOut":{"pos":{"x": 84.83692079757931, "y": 1.7026949324428073, "z": -124.86584335999528},"target":{"x": 85.7842531650305, "y": 1.676317468872195, "z": -125.18500729122012}},
                    "content":"",
                    "sem":
                    {
                        "path":"models/videosem.glb"
                    }
                }
            ]
}